"","player_id","player_name","n_win"
"169050","169050","12Weverton Weverton Pereira da ... T(g)P169050",171
"166276","166276","12Cassio Cassio Ramos TP166276",169
"177050","177050","23Fagner Fagner Conserva Lemos RP177050",151
"129292","129292","1Fabio Fabio Deivson Lopes  ... T(g)P129292",150
"332318","332318","38Reinaldo Reinaldo Manoel da Silva RP332318",149
"183977","183977","2Nino Paraíba Severino do Ramo Cle ... TP183977",146
"166061","166061","41Willian Willian Gomes de Siq ... RP166061",145
"292428","292428","27Samuel Samuel Xavier Brito TP292428",144
"331937","331937","20Lucas Lucas Rafael Araujo Lima RP331937",141
"177444","177444","17Everton Ri ... Everton Augusto de B ... TP177444",138
"152788","152788","9Wellington ... Wellington Pereira d... TP152788",134
"177770","177770","1Vanderlei Vanderlei Farias da  ... T(g)P177770",133
"346636","346636","6Rene Rene Rodrigues Martins TP346636",132
"171788","171788","13Thiago Thiago Heleno Henriq ... RP171788",131
"291738","291738","7Dudu Eduardo Pereira Rodr... TP291738",131
"320839","320839","15Gabriel Gabriel Girotto Franco TP320839",131
"295792","295792","16Eduardo Eduardo Colcenti Antunes RP295792",128
"162248","162248","6Fabio Santos Fabio Santos Romeu TP162248",127
"157280","157280","6Egidio Egidio de Araujo Per ... TP157280",123
"337830","337830","18Gabriel B. Gabriel Barbosa Almeida RP337830",122
"339876","339876","36Diogo Diogo Barbosa Mendanha TP339876",121
"161625","161625","10Diego Souza Diego de Souza Andrade TP161625",120
"178620","178620","13Patric Patric Cabral Lalau RP178620",120
"178854","178854","4Gil Carlos Gilberto do N ... T(g)P178854",120
"165065","165065","2Pará Marcos Rogerio Ricci ... TP165065",119
"317751","317751","27Alisson Alisson Euler de Fre ... TP317751",117
"176390","176390","2Marcos Marcos Luis Rocha Aquino RP176390",115
"312950","312950","32Mayke Roch ... Mayke Rocha de Oliveira RP312950",115
"168008","168008","13David David Braz Oliveira  ... RP168008",113
"308348","308348","32Danilo Danilo Das Neves Pin ... TP308348",113
"172189","172189","20Robinho Robson Michael Signorini TP172189",113
"157264","157264","1Marcelo Marcelo Lomba do Nas... T(g)P157264",112
"307317","307317","11Pablo Pablo Felipe Teixeira TP307317",111
"306616","306616","20Nikão Maycon Vinicius Ferr ... RP306616",111
"337261","337261","28Adilson Adilson dos Anjos Ol ... RP337261",111
"303718","303718","27Yago Yago Felipe da Costa... RP303718",110
"184364","184364","8Paulo Henr ... Paulo Henrique Chaga ... TP184364",110
"182423","182423","3Messias Manoel Messias Silva... TP182423",110
"313426","313426","40Gustavo Gustavo Henrique Fur ... RP313426",110
"170272","170272","2Victor Victor Ferraz Macedo TP170272",109
"178875","178875","4Ernando Ernando Rodrigues Lopes TP178875",109
"167509","167509","4Rever Rever Humberto Alves... TP167509",109
"315585","315585","8Patrick Patrick Bezerra do N ... TP315585",109
"346745","346745","18Luciano Luciano da Rocha Neves TP346745",109
"156659","156659","1Victor Victor Leandro Bagy T(g)P156659",108
"294769","294769","46Vinicius Vinicius Goes Barbos ... RP294769",108
"375634","375634","18Marcos Marcos da Silva Franca RP375634",107
"148994","148994","9Fred Frederico Chaves Guedes TP148994",106
"293393","293393","86Paulo Marcos Paulo Marcos de Jesu ... RP293393",106
"151437","151437","11Rafael Moura Rafael Martiniano de... TP151437",105
"316645","316645","7Rodrigo Rodrigo Caio Coquett... TP316645",105
"178361","178361","22Everton Everton Cardoso Silva TP178361",103
"306270","306270","21Edenilson Edenilson Andrade do ... TP306270",103
"330886","330886","37Jose Jose Rafael Vivian RP330886",103
"293420","293420","17Willian Willian Souza Arao d... RP293420",102
"364829","364829","11Yago Glaybson Yago Souza ... TP364829",102
"155840","155840","8Cicero Cicero Santos TP155840",101
"184307","184307","37Marinho Mario Sergio Santos  ... RP184307",101
"175557","175557","11Felipe Felipe Azevedo dos S... TP175557",101
"189822","189822","89Thiago Thiago Galhardo do N... RP189822",101
"401839","401839","9Bruno Bruno Henrique Pinto TP401839",101
"292132","292132","15Bruno Bruno Henrique Corsini RP292132",100
"307245","307245","31Victor Victor Vinicius Coel... RP307245",100
"188398","188398","1Everson Everson Felipe Marqu... T(g)P188398",99
"312015","312015","14Bruno Fabi ... Bruno Fabiano Alves RP312015",99
"376734","376734","19Clayson Clayson Henrique da  ... RP376734",99
"521990","521990","10de Arrasca ... Giorgian Daniel de A... TP521990",99
"295418","295418","36Ramiro Ramiro Moschen Benetti RP295418",98
"169938","169938","17Bruno Bruno Cesar Pereira  ... TP169938",97
"177885","177885","17Rodriguinho Rodrigo Eduardo Cost... RP177885",97
"186450","186450","14Gustavo Gustavo Henrique Vernes RP186450",97
"185444","185444","18Gilberto Gilberto Oliveira So... RP185444",97
"430588","430588","27David David Correia da Fonseca RP430588",97
"165322","165322","3Geromel Pedro Tonon Geromel TP165322",95
"177411","177411","17Osvaldo Osvaldo Lourenco Filho TP177411",95
"292942","292942","9Andre Andre Felipe Ribeiro ... RP292942",95
"184600","184600","5Wellington Wellington Aparecido... RP184600",94
"321829","321829","2Madson Madson Ferreira dos ... TP321829",94
"409960","409960","26Luan Luan Guilherme de Je ... TP409960",94
"159607","159607","8Elias Elias Mendes Trindade TP159607",93
"162907","162907","8Marcio Ara ... Marcio Rodrigues Araujo TP162907",93
"170077","170077","2Eduardo Carlos Eduardo Santo ... TP170077",93
"293428","293428","33Aderbar Aderbar Melo dos San... RP293428",92
"175320","175320","6Uendel Uendel Pereira Goncalves TP175320",92
"295821","295821","10Marcos Marcos Guilherme de  ... TP295821",92
"308405","308405","20Raphael Raphael Cavalcante Veiga RP308405",92
"322748","322748","18Vitor Vitor Frezarin Bueno RP322748",91
"291780","291780","10Rogerio Jose Rogerio de Oliv... TP291780",91
"149233","149233","10Jadson Jadson Rodrigues da ... TP149233",90
"313755","313755","14Danilo Danilo Carvalho Barcelos RP313755",90
"190389","190389","10Marquinhos Marcos Gabriel do Na... TP190389",90
"173180","173180","7Jean Jean Raphael Vanderl... TP173180",90
"298595","298595","27Luan Luan Madson Gedeao d... TP298595",90
"567555","567555","15Victor Cuesta Victor Leandro Cuesta TP567555",90
"137705","137705","3Leo Silva Leonardo Fabiano da ... TP137705",89
"155508","155508","1Junior Wilson Rodrigues de  ... T(g)P155508",88
"150549","150549","23Rafael Sobis Rafael Augusto Sobis TP150549",87
"167958","167958","3Welington Welington Pereira Ro ... TP167958",87
"293440","293440","7Marcelo Marcelo Cirino da Silva TP293440",87
"170812","170812","8Henrique Henrique Pacheco de Lima RP170812",87
"186140","186140","30Carlinho Carlos Emiliano Pereira RP186140",87
"333975","333975","2Bruno Pach ... Bruno de Jesus Pacheco TP333975",87
"298642","298642","27Elber Jose Elber Pimentel  ... RP298642",87
"379065","379065","23Everton Everton Sousa Soares RP379065",87
"175475","175475","3Matheus Matheus Ferraz Pereira TP175475",86
"292592","292592","21Lucca Lucca Borges de Brito RP292592",86
"320111","320111","16Lucas Lucas Silva Borges RP320111",86
"184455","184455","5Rodrigo Rodrigo Oliveira Lindoso TP184455",85
"313780","313780","7Welison José Welison da Silva TP313780",85
"302192","302192","7Jadson Jadson Alves dos Santos TP302192",85
"150801","150801","30Felipe Melo Felipe Melo de Carvalho TP150801",84
"339155","339155","29Wanderson Wanderson Ferreira d ... RP339155",83
"339258","339258","26Guilherme Guilherme Antonio Ar... RP339258",83
"304434","304434","16Hyoran Hyoran Kaue Dalmoro RP304434",82
"137990","137990","12Diego Diego Cavalieri TP137990",81
"150151","150151","9Ricardo Ol ... Ricardo de Oliveira TP150151",81
"159684","159684","23Kaufmann Fernando Miguel Kaufmann RP159684",81
"184833","184833","15Rithely Francisco Rithely da... RP184833",81
"331842","331842","16Sousa Jean Mota Oliveira d... RP331842",81
"299481","299481","10Dalessandro Andres Nicolas Dales... TP299481",81
"307366","307366","30Johnath Johnath Marlone Azev... RP307366",81
"384124","384124","46Thiago Thiago Maia Alencar RP384124",81
"141516","141516","6Durval Severino dos Ramos D ... TP141516",80
"307406","307406","14Luan Luan Garcia Teixeira TP307406",80
"291708","291708","21Luccas Claro Luccas Claro dos Santos RP291708",80
"402681","402681","36Luis Luis Antonio da Roch ... RP402681",80
"181803","181803","8Elton Elton Junior Melo Ataide TP181803",79
"179832","179832","18Walter Walter Henrique da Silva TP179832",79
"309431","309431","35Victor Victor Luis Chuab Za... RP309431",79
"308980","308980","21Alison Alison Lopes Ferreira RP308980",79
"353568","353568","2Rodinei Rodinei Marcelo de A... TP353568",79
"172576","172576","2Apodi Luiz Diallison de So ... TP172576",78
"321574","321574","16Leonardo Leonardo Cittadini RP321574",78
"352037","352037","34Pedro Pedro Henrique Ribei ... RP352037",78
"292205","292205","10Giovanii Giovanni Augusto Oli... TP292205",78
"320930","320930","20Otavio Otavio Henrique Pass ... RP320930",78
"405246","405246","19Mateus Mateus da Silva Vita ... RP405246",78
"182717","182717","40D. Friedrich Douglas Alan Schuck ... RP182717",77
"175065","175065","77Fabio Fabio Goncalves TP175065",77
"298660","298660","1Joao Joao Ricardo Riedi T(g)P298660",77
"296330","296330","13Rodrigo Rodrigo Dourado Cunha TP296330",77
"183873","183873","29Guilherme Guilherme de Aguiar  ... RP183873",77
"309265","309265","13Lucas Lucas Silva Fonseca RP309265",77
"389307","389307","20Roger Roger Krug Guedes RP389307",77
"176729","176729","25Hudson Hudson Rodrigues dos... RP176729",76
"178486","178486","88Giuliano Giuliano Victor de Paula TP178486",76
"180546","180546","15Cortês Bruno Cortes Barbosa RP180546",76
"294382","294382","37Jose Jose Carlos Cracco Neto RP294382",76
"346294","346294","46Pelezinho Leonardo Pinheiro da ... RP346294",76
"420184","420184","9Guerrero Jose Paolo Guerrero  ... TP420184",76
"123823","123823","8Renato Renato Dirnei Florencio RP123823",75
"130014","130014","1Magrão Alessandro Beti Rosa T(g)P130014",75
"172411","172411","4Werley Werley Ananias da Silva TP172411",75
"291317","291317","6William William Matheus da Silva TP291317",75
"357424","357424","21Fellipe Fellipe Ramos Ignez  ... TP357424",75
"335611","335611","10Gabriel Gabriel Santana Pinto TP335611",75
"137644","137644","2Leo Moura Leonardo da Silva Moura TP137644",74
"166603","166603","18Maicon Maicon Thiago Pereir... RP166603",74
"303716","303716","32Pedro Pedro Guilherme Abre... RP303716",74
"307840","307840","16Igor Igor Rabello da Costa RP307840",74
"427806","427806","9Roni Ronielson da Silva B... TP427806",74
"451607","451607","20Luiz Ferna ... Luiz Fernando Moraes... RP451607",74
"136752","136752","2Edu Dracena Eduardo Luis Abonizi ... TP136752",73
"152138","152138","35Diego Riba ... Diego Ribas da Cunha TP152138",73
"162504","162504","7Jo Joao Alves de Assis  ... TP162504",73
"419646","419646","38Artur Artur Victor Guimaraes RP419646",73
"353262","353262","8Thiago Men ... Thiago Henrique Mend... TP353262",73
"311336","311336","19Gigio Geuvanio Santos Silva RP311336",72
"303922","303922","99Leonardo Leonardo Moreira Morais TP303922",72
"379462","379462","21Pedro Pedro Rocha Neves RP379462",72
"161745","161745","33Edilson Edilson Mendes Guimares RP161745",71
"180083","180083","5Willian Willian Roberto de F ... RP180083",71
"384823","384823","40Cleiton Cleiton Schwengber RP384823",71
"293712","293712","35Caçapava Thiago dos Santos RP293712",71
"540839","540839","11Cazares Juan Ramon Cazares S ... TP540839",71
"595193","595193","4Arboleda Robert Abel Arboleda... TP595193",71
"161301","161301","33Henrique Henrique Adriano Buss TP161301",70
"150986","150986","10Nene Anderson Luis de Car ... TP150986",70
"175411","175411","27Paulo Victor Paulo Victor Mileo V... RP175411",70
"174360","174360","3Leonardo Leonardo Renan Simoe ... RP174360",70
"347809","347809","34Jair Jair Rodrigues Junior RP347809",70
"511533","511533","12Roberto To ... Roberto Junior Ferna ... RP511533",70
"348138","348138","2Guilherme Guilherme de Jesus d... TP348138",70
"403112","403112","42Vinicius Vinicius Moreira de Lima RP403112",70
"137377","137377","25Fernando Fernando Buttenbende... T(g)P137377",69
"316754","316754","15Neilton Neilton Meira Mestzk RP316754",69
"402719","402719","14Marcelo Marcelo da Conceiçao... RP402719",69
"379386","379386","33NINO Marcilio Florencio M ... TP379386",69
"165836","165836","8Renato Renato Soares de Oli... TP165836",68
"168387","168387","5Ralf Ralf de Souza Teles TP168387",68
"460683","460683","70Caio Paulista Caio Fernando de Oliveira TP460683",68
"143465","143465","19Alecsandro Alecsandro Barbosa F... TP143465",67
"164019","164019","10Joao Vitor Joao Vitor Lima Gomes TP164019",67
"178303","178303","9Henrique Henrique Almeida Cai... RP178303",67
"169939","169939","5Amaral William Jose de Souza TP169939",67
"170255","170255","4Christian Christian Chagas Tarouco TP170255",67
"295548","295548","15Matheus Matheus Simonete Bre ... TP295548",67
"339900","339900","21Marcos Junio Marcos Junio Lima do ... RP339900",67
"355990","355990","16Sidcley Sidcley Ferreira Pereira RP355990",67
"507462","507462","11Angel Rodr ... Angel Rodrigo Romero... TP507462",67
"305976","305976","19Alan Patrick Alan Patrick Lourenço RP305976",66
"310373","310373","71Leonardo Leonardo Pereira RP310373",66
"161437","161437","11Fernando Fernando Camilo Farias TP161437",65
"159238","159238","1Diego Alves Diego Alves Carreira T(g)P159238",65
"172996","172996","2Bruno Bruno Vieira do Nasc... TP172996",65
"291584","291584","1Tiago Volpi Tiago Luis Volpi T(g)P291584",65
"178704","178704","16Mineiro Moises Lima Magalhaes RP178704",65
"376786","376786","25Richard Richard Candido Coelho TP376786",65
"359696","359696","16Deyverson Deyverson Brum Silva TP359696",65
"378851","378851","28Jose Jose Carlos Ferreira... RP378851",65
"140053","140053","17Wendel Ger ... Wendel Geraldo Mauri ... RP140053",64
"177853","177853","27Walter Walter Leandro Capel ... RP177853",64
"171975","171975","17Bacabal Guilherme Milhomen G... RP171975",64
"163939","163939","8Leandro Do ... Leandro Donizete Gon ... TP163939",64
"291843","291843","19Edson Edson Felipe da Cruz RP291843",64
"308316","308316","23Tadeu Tadeu Antonio Ferreira T(g)P308316",64
"158615","158615","20Rafael Mar ... Rafael Marques Mariano TP158615",64
"314059","314059","7Rossi Rosicley Pereira da ... TP314059",64
"142720","142720","12Aranha Mario Lucio Duarte Costa RP142720",63
"146817","146817","10Douglas Douglas dos Santos RP146817",63
"169835","169835","5Edicarlos Elicarlos Souza Santos TP169835",63
"300394","300394","33Wanderson Wanderson Santos Pereira RP300394",63
"291939","291939","13Aderlan Aderlan de Lima Silva RP291939",63
"373768","373768","6Felipe Felipe Jonatan Rocha ... RP373768",63
"344314","344314","21Nathan Nathan Allan de Souza RP344314",63
"405713","405713","29Marlon Marlon Rodrigues Freitas RP405713",63
"633571","633571","15GUSTAVO GOMEZ GUSTAVO RAUL GOMEZ P ... TP633571",63
"179395","179395","5Junior Paulo Roberto Valour ... TP179395",62
"291651","291651","13Luiz Luiz Otavio Anacleto... TP291651",62
"172408","172408","14Fabricio Fabricio dos Santos  ... TP172408",62
"337713","337713","14Igor Igor Silveira Gomes RP337713",62
"346046","346046","56Sander Sander Henrique Bort... RP346046",62
"339266","339266","29Allan Allan Rodrigues de Souza TP339266",62
"413857","413857","19Romarinho Jose Romario Silva d ... RP413857",62
"120815","120815","10Ze Roberto Jose Roberto da Silv ... TP120815",61
"172123","172123","26Marcelo Ol ... Marcelo Oliveira Fer... TP172123",61
"166649","166649","14Wallace Reis Wallace Reis Silva RP166649",61
"167201","167201","14Gilson Gilson Gomes do Nasc ... RP167201",61
"307134","307134","13Gilberto Gilberto Moraes Junior RP307134",61
"305723","305723","36Regis Regis Augusto Salmazzo RP305723",61
"310733","310733","31Gerson Gerson Santos da Silva RP310733",61
"412852","412852","14Iago Iago Justen Maidana  ... RP412852",61
"168351","168351","12Marcelo Marcelo Grohe RP168351",60
"163518","163518","19Nilton Nilton Ferreira Junior TP163518",60
"174223","174223","8Joao Paulo Joao Paulo da Silva TP174223",60
"307979","307979","25Yuri Yuri Oliveira Lima RP307979",60
"189708","189708","9Henrique D ... Jose Henrique da Sil ... TP189708",60
"389228","389228","34Fabricio Fabricio Bruno Soare... RP389228",60
"376073","376073","26Erick Erick Luis Conrado C ... RP376073",60
"171406","171406","18Rafael Vaz Rafael Vaz dos Santos TP171406",59
"177588","177588","7Alexandre Alexandre Rodrigues  ... RP177588",59
"299840","299840","3Marllon Marllon Goncalves Je ... TP299840",59
"301087","301087","39William William de Oliveira ... RP301087",59
"292833","292833","77Arthur Arthur Caike do Nasc ... RP292833",59
"317445","317445","98Claudio Claudio Rodrigues Gomes TP317445",59
"345210","345210","5Marcos Marcos Antonio Almei... TP345210",59
"155541","155541","88Roger Roger Rodrigues da Silva RP155541",58
"155330","155330","7Michel Bas ... Michel Fernandes Bastos RP155330",58
"302768","302768","29Robson Robson dos Santos Fe ... RP302768",58
"299142","299142","32Jackson Jackson de Souza RP299142",58
"381149","381149","13Messias Messias Rodrigues da... RP381149",58
"399713","399713","11Fernando Fernando Pereira do  ... RP399713",58
"517552","517552","38Martinelli Matheus Martinelli Lima RP517552",58
"554626","554626","4Kannemann Walter Kannemann RP554626",58
"165830","165830","22Danilo Danilo Fernandes Batista RP165830",57
"161656","161656","13Rafinha Marcio Rafael Ferrei ... TP161656",57
"320263","320263","22Matheus Fe ... Matheus Fernandes Si ... RP320263",57
"169286","169286","4Luiz Rhodo ... Luiz Rhodolfo Dini G ... RP169286",57
"354299","354299","2Luiz Luiz Felipe do Nasci... RP354299",57
"308495","308495","21Daniel Daniel Sampaio Simoes RP308495",57
"362877","362877","12João Paulo João Paulo Silva Martins RP362877",57
"310950","310950","11Marcio Marcio Passos de Alb ... TP310950",57
"335312","335312","36Jemerson Jemerson de Jesus Na... RP335312",57
"507566","507566","20Hector Hector Miguel Canteros RP507566",57
"143977","143977","5Edinho Edimo Ferreira Campos TP143977",56
"169888","169888","10Thiago Neves Thiago Neves Augusto RP169888",56
"318115","318115","30Eder Eder Ferreira Graminho RP318115",56
"302795","302795","7Erik Erik Nascimento de Lima TP302795",56
"318481","318481","6Moises Moises Roberto Barbosa R(g)P318481",56
"318309","318309","39Gabriel Co ... Gabriel Costa Franca RP318309",56
"420080","420080","15Luis Luis Antonio Ferreir... TP420080",56
"155991","155991","13Paulo Andre Paulo Andre Cren Benini TP155991",55
"170540","170540","11Wesley Wesley Lopes Beltrame RP170540",55
"300140","300140","31Vitor Hugo Vitor Hugo Franchesc ... TP300140",55
"173760","173760","6Carlinhos Carlos Andrade Souza TP173760",55
"291866","291866","9Leandro Da ... Leandro Damiao da Si ... RP291866",55
"185012","185012","10Joao Paulo Joao Paulo Mior TP185012",55
"291540","291540","15Luiz Antonio Luiz Antonio de Souz... TP291540",55
"182609","182609","5Deivid Deivid Willian da Silva TP182609",55
"315637","315637","23Marcio Marcio Almeida de Ol ... RP315637",55
"339242","339242","22Maycon Maycon de Andrade Ba ... RP339242",55
"377476","377476","28Lucas Lucas Verissimo da Silva RP377476",55
"535518","535518","35André André Trindade da Co... RP535518",55
"155703","155703","12Renan Renan Brito Soares RP155703",54
"154127","154127","19Wagner Wagner Ferreira dos ... TP154127",54
"174941","174941","25Ronaldo Ronaldo Luiz Alves RP174941",54
"177931","177931","32Felipe Felipe Alves Raymundo R(g)P177931",54
"345109","345109","20Lucas Lucas Evangelista Sa ... RP345109",54
"521939","521939","18Ramires Eric dos Santos Rodrigues TP521939",54
"145923","145923","26Juan Juan Maldonado Jaime... RP145923",53
"150201","150201","9Diego Tard ... Diego Tardelli Martins TP150201",53
"182246","182246","8Willians Willians Domingos Fe... TP182246",53
"541268","541268","30Lucas Lucas Braga Ribeiro RP541268",53
"691654","691654","14German Cano German Ezequiel Cano TP691654",53
"141158","141158","12Alex Alex Raphael Meschini RP141158",52
"156034","156034","5Lucas Pierre Lucas Pierre Santos ... TP156034",52
"185126","185126","9Kieza Welker Marcal Almeida TP185126",52
"306852","306852","19Everaldo Everaldo Stum RP306852",52
"180838","180838","17Marcos Marcos Antonio da Si ... RP180838",52
"446399","446399","31Raul Raul Lo Goncalves RP446399",52
"391953","391953","16Thaciano Thaciano Mickael da Silva RP391953",52
"314357","314357","26Gregore Gregore Magalhaes Silva TP314357",52
"318254","318254","7Rildo Rildo de Andrade Fel ... TP318254",52
"438556","438556","37Everaldo Everaldo Silva do Na... RP438556",52
"522146","522146","30Mendoza John Steven Mendoza ... RP522146",52
"521936","521936","9Lucas Pratto Lucas David Pratto TP521936",52
"633531","633531","7Carlos San ... Carlos Andres Sanche ... TP633531",52
"303063","303063","6Natanael Natanael Batista Pimenta TP303063",51
"176512","176512","11Tiago Real Tiago Real do Prado TP176512",51
"291732","291732","22Pimpao Rodrigo Pimpao Vianna RP291732",51
"317697","317697","43Gabriel Gabriel Dias de Oliveira RP317697",51
"318563","318563","44Marcos Marcos Felipe de Fre... RP318563",51
"388084","388084","28Vitinho Vitor Hugo Naum dos ... RP388084",51
"436395","436395","29Yuri Alberto Yuri Alberto Monteir... RP436395",51
"546294","546294","88Christian Christian Roberto Al... RP546294",51
"137978","137978","20Danilo Danilo Gabriel de An ... TP137978",50
"292282","292282","4Luciano Ca ... Luciano Castan da Silva TP292282",50
"422469","422469","33Ortiz Leonardo Rech Ortiz TP422469",50
"408134","408134","18Carlos Carlos Eduardo Ferre ... RP408134",50
"381047","381047","97Everton Fe ... Everton Felipe de Ol ... RP381047",50
"438212","438212","19Ademir Ademir da Silva Sant ... RP438212",50
"540906","540906","3Carli Mauro Joel Carli TP540906",50
"463599","463599","38Marrony Marrony da Silva Lib... RP463599",50
"648335","648335","14Bruno Mendez Bruno Mendez Cittadini RP648335",50
"630170","630170","55David Terans Miguel David Terans Perez RP630170",50
"161941","161941","5Marcos Marcos Arouca da Silva TP161941",49
"167600","167600","4Ricardo Ricardo Martins de A ... TP167600",49
"159209","159209","1Danilo Marcos Danilo Padilha T(g)P159209",49
"174194","174194","17Wallyson Wallyson Ricardo Mac... RP174194",49
"180213","180213","12Rafael Rafael Pires Monteiro RP180213",49
"306146","306146","11Wellington Wellington Alves da  ... RP306146",49
"404816","404816","15Andrey Andrey Ramos do Nasc ... RP404816",49
"177749","177749","26Dede Anderson Vital da Silva TP177749",49
"432491","432491","36Ayrton Ayrton Lucas Dantas ... RP432491",49
"380745","380745","19Clayton Clayton da Silveira ... RP380745",49
"429638","429638","38Pedro Pedro Victor Delmino ... RP429638",49
"695547","695547","28Cuello Tomas Esteban Cuello RP695547",49
"728790","728790","21Jhon Arias Jhon Adolfo Arias Andrade TP728790",49
"164974","164974","9Thiago Rib ... Thiago Ribeiro Cardoso TP164974",48
"173277","173277","11Fernandinho Luiz Fernando Pereir ... TP173277",48
"291380","291380","13Paulo Mira ... Jonathan Doin RP291380",48
"183755","183755","35Danilo Danilo Fernando Avelar TP183755",48
"326622","326622","30Chico Francisco Hyun Sol Kim TP326622",48
"310312","310312","23Hernani Hernani Azevedo Junior RP310312",48
"535421","535421","40Ariel Cabral Alejandro Ariel Cabral RP535421",48
"559270","559270","3Lucho Gonz ... Luis Oscar Gonzalez TP559270",48
"150731","150731","14David França David Franca Oliveir ... RP150731",47
"165198","165198","18Jonathan Jonathan Cicero Moreira TP165198",47
"295557","295557","24Jandrei Jandrei Chitolina Ca... T(g)P295557",47
"166647","166647","33Bruno Bruno Rodrigo Fenelo ... TP166647",47
"178827","178827","2Lucas Lucas Rios Marques TP178827",47
"175560","175560","15Paulo Paulo Roberto da Silva RP175560",47
"354387","354387","38Alex Alex Paulo Menezes S... RP354387",47
"344934","344934","31Igor Igor Matheus Liziero... RP344934",47
"400906","400906","13Jefferson  ... Jefferson Junio Anto... TP400906",47
"464258","464258","37Hélio Junio Helio Junio Nunes de ... RP464258",47
"383384","383384","14Ronald Ronald dos Santos Lopes RP383384",47
"524291","524291","16Abner Abner Vinicius da Si ... RP524291",47
"568013","568013","36Marcos Leo ... Marcos Leonardo Sant ... RP568013",47
"163254","163254","31Edimar Edimar Curitiba Fraga TP163254",46
"173551","173551","13Rodrigo Rodrigo Modesto da S... TP173551",46
"186142","186142","15Alan Alan Santos da Silva RP186142",46
"171547","171547","8Gil Jose Gildeixon Cleme ... TP171547",46
"334559","334559","21Diego Diego Cristiano Evaristo RP334559",46
"307273","307273","26Antonio Ca ... Antonio Carlos Cunha ... RP307273",46
"542337","542337","41Mauricio Mauricio Magalhaes Prado RP542337",46
"534667","534667","11Michael Michael Richard Delg... TP534667",46
"154497","154497","18Andre Lima Andre Luiz Barreto S... RP154497",45
"135687","135687","9Luis Fabiano Luis Fabiano Clemente TP135687",45
"187787","187787","16Dodo Jose Rodolfo Pires R ... TP187787",45
"177010","177010","12Gomes Alex Roberto Santana ... RP177010",45
"177152","177152","3Victor Ramos Victor Ramos Ferreira TP177152",45
"313474","313474","28Rafael Thy ... Rafael Thyere de Alb... RP313474",45
"175242","175242","77Sergio Ant ... Sergio Antonio Borge... RP175242",45
"309438","309438","34William William de Asevedo F ... RP309438",45
"291542","291542","4Galhardo Rafael Galhardo de Souza TP291542",45
"308275","308275","39Gustavo Gustavo Henric da Silva RP308275",45
"329952","329952","16Bruno Bruno Ferreira Melo RP329952",45
"376586","376586","54Joao Joao Pedro Maturano ... RP376586",45
"317780","317780","38Daniel Daniel Guedes da Silva RP317780",45
"439689","439689","36Piton Lucas Piton Crivellaro RP439689",45
"387808","387808","31Arthur Arthur Gomes Lourenco RP387808",45
"557878","557878","33Khellven Khellven Douglas Sil ... RP557878",45
"699115","699115","3Júnior Alo ... Junior Osmar Ignacio... TP699115",45
"304071","304071","38Eduardo Eduardo Gabriel dos  ... RP304071",44
"188260","188260","43Tiago Tiago Pagnussat RP188260",44
"307285","307285","21Wellington ... Wellington Soares da ... RP307285",44
"316748","316748","49Lucas Lucas de Figueiredo ... RP316748",44
"296349","296349","19Edigar Edigar Junio Teixeir... RP296349",44
"340736","340736","20Matheus Matheus Rossetto RP340736",44
"389378","389378","39Breno Breno Henrique Vasco ... TP389378",44
"306149","306149","22Leandro Leandro Marcos Pereira RP306149",44
"409873","409873","27Ivaldo Jose Ivaldo Almeida  ... RP409873",44
"353824","353824","38Carlos Alb ... Carlos Alberto Carva... RP353824",44
"352647","352647","14Fabiano Fabiano Leismann RP352647",44
"150176","150176","30Kleber Kleber Giacomace de  ... RP150176",43
"165925","165925","1Muriel Muriel Gustavo Becker T(g)P165925",43
"179974","179974","9Ricardo Ricardo Bueno da Silva TP179974",43
"180622","180622","12Vladimir Vladimir Orlando Car ... RP180622",43
"163885","163885","13Fabio Fabio Ferreira da Silva RP163885",43
"308965","308965","37Henrique Henrique Silva Milagres TP308965",43
"303542","303542","18Matheus Matheus Galdezani RP303542",43
"293384","293384","15Anselmo Anselmo de Moraes RP293384",43
"303545","303545","23Douglas Douglas Coutinho Gom ... RP303545",43
"380655","380655","17Hugo Moura Hugo Moura Arruda da ... RP380655",43
"505058","505058","47Ferreira Aldemir dos Santos F ... RP505058",43
"422351","422351","52Jean Pyerre Jean Pyerre Casagran ... RP422351",43
"501063","501063","25Gabriel Me ... Gabriel Vinicius Menino TP501063",43
"336832","336832","25Naldo Marinaldo dos Santos... RP336832",43
"459744","459744","10Lucas Lucas Andres Mugni TP459744",43
"646668","646668","10Yeferson S ... Yeferson Julio Sotel... TP646668",43
"107639","107639","1Rogerio Rogerio Ceni T(g)P107639",42
"140841","140841","1Jefferson Jefferson de Oliveir... T(g)P140841",42
"138932","138932","2Ceara Marcos Venancio de A ... TP138932",42
"169945","169945","17Ytalo Ytalo Jose Oliveira  ... RP169945",42
"163056","163056","7Hulk Givanildo Vieira de  ... TP163056",42
"299208","299208","22Rhayner Rhayner Santos Nasci ... RP299208",42
"179486","179486","25Wellington Wellington Nasciment ... TP179486",42
"191433","191433","18Bergson Bergson Gustavo Silv... RP191433",42
"189538","189538","11Felipe Felipe de Oliveira Silva TP189538",42
"373841","373841","35Gabriel Gabriel Boschilia TP373841",42
"181262","181262","18Rafael Rafael de Souza Pereira TP181262",42
"337172","337172","29Luiz Luiz Ricardo Alves RP337172",42
"446408","446408","99Bento Bento Matheus Krepski R(g)P446408",42
"355675","355675","2Igor Igor Vinicius de Souza TP355675",42
"553190","553190","36Copete Jonathan Copete Valencia RP553190",42
"541574","541574","4 Fabian Cornello Balb... T 541574",42
"703937","703937","15Zaracho Federico Matias Zaracho TP703937",42
"541523","541523","29Lucas Romero Lucas Daniel Romero TP541523",42
"123816","123816","4Juan Juan Silveira dos Santos TP123816",41
"172039","172039","7Fernando Fernando Paixao da Silva TP172039",41
"156447","156447","16Filipe Luís Filipe Luis Kasmirski TP156447",41
"174348","174348","44Leandro Al ... Leandro Almeida da Silva TP174348",41
"160686","160686","3Rafael Rafael Ramos de Lima TP160686",41
"318682","318682","19Luan Luan Peres Petroni RP318682",41
"312048","312048","18Vinicius Vinicius Santos Silva RP312048",41
"186467","186467","9Hernane Hernane Vidal de Souza TP186467",41
"321636","321636","20Andre Luis Andre Luis da Costa  ... RP321636",41
"185974","185974","26Paulinho Paulo Luiz Beraldo S... RP185974",41
"320593","320593","56Jorge Jorge Marco de Olive... RP320593",41
"421138","421138","20Shaylon Shaylon Kallyson Cardozo RP421138",41
"526369","526369","41Bruno Gomes Bruno Gomes da Silva ... RP526369",41
"402375","402375","9Hernan Hernan Barcos TP402375",41
"457303","457303","34Adryelson  ... Adryelson Shawann Li ... RP457303",41
"387400","387400","33Walace Walace Souza Silva RP387400",41
"445840","445840","13Eugenio Eugenio Esteban Mena ... RP445840",41
"541788","541788","45Bruno Bruno Conceicao Praxedes TP541788",41
"554728","554728","80Otero Romulo Otero Vasquez RP554728",41
"155855","155855","16Joao Paulo Joao Paulo Gomes da ... RP155855",40
"173861","173861","15Hernanes Anderson Hernanes de... TP173861",40
"170144","170144","25Mariano Mariano Ferreira Filho RP170144",40
"321898","321898","40Joao Joao Pedro Vilardi Pinto RP321898",40
"186870","186870","5Airton Airton Ribeiro Santos TP186870",40
"305360","305360","39Marcio Ant ... Marcio Antonio de So... TP305360",40
"186564","186564","40Neto Norberto Pereira Mar... RP186564",40
"392224","392224","35Murilo Murilo Cerqueira Paim RP392224",40
"410547","410547","38Guilherme Guilherme Augusto Vi ... RP410547",40
"402208","402208","23Datolo Jesus Alberto Datolo RP402208",40
"428672","428672","39Pepe Eduardo Gabriel Aqui... RP428672",40
"611634","611634","17VINICIUS Marcos Vinicios Lope ... RP611634",40
"541232","541232","26Cuellar Gustavo Leonardo Cue ... TP541232",40
"509926","509926","20Agustin Agustin Lionel Allione TP509926",40
"137340","137340","13Rodrigo Rodrigo Baldasso da ... RP137340",39
"131212","131212","28Josue Josue Anunciado de O... TP131212",39
"330015","330015","10Jorge Jorge de Moura Xavier TP330015",39
"292357","292357","23Junior Urso Ocimar de Almeida Junior TP292357",39
"337363","337363","33Nonato Gustavo Nonato Santana RP337363",39
"337508","337508","13Jeferson Jeferson de Araujo d... RP337508",39
"292175","292175","31Samuel Samuel Rosa Goncalves TP292175",39
"328680","328680","13Douglas Douglas Ricardo Grolli RP328680",39
"337840","337840","19Renato Kay ... Renato Kayzer de Souza RP337840",39
"432222","432222","27Luan Luan Vinicius da Sil ... RP432222",39
"291855","291855","25Neto Sosthenes Jose Santo ... RP291855",39
"464320","464320","30Rodrigo Ne ... Rodrigo Nestor Bertalia RP464320",39
"559812","559812","16Natanael M ... Natanael Moreira Mil ... RP559812",39
"402984","402984","77Joel Diederrick Joel Tagu... RP402984",39
"554820","554820","38Jadson Jadson Meemyas de Ol ... RP554820",39
"554821","554821","7Nico Lopez Nicolas Federico Lop ... RP554821",39
"431054","431054","8Luis Luis Enrique Caceres ... TP431054",39
"154179","154179","12Sidney Sidney Aparecido Ram... RP154179",38
"158204","158204","2Luis Ricardo Luis Ricardo Silva U... TP158204",38
"165924","165924","10Luiz Adriano Luiz Adriano Souza d ... TP165924",38
"176522","176522","77Ederson Ederson Alves Ribeir... TP176522",38
"178178","178178","27Maicon Maicon Pereira Roque TP178178",38
"311988","311988","11Ale Alexandre Egea TP311988",38
"188453","188453","9Fernando Jose Fernando Viana ... TP188453",38
"180789","180789","17Uillian Uillian Correia Gran... RP180789",38
"355418","355418","14Victor Victor Hugo Soares d... RP355418",38
"308376","308376","27Douglas Douglas Augusto Soar... RP308376",38
"516798","516798","39Joao Lucas Joao Lucas de Souza  ... RP516798",38
"378268","378268","21Jean Jean Carlos de Souza ... RP378268",38
"540157","540157","13Luan Candido Luan Candido de Almeida TA540157",38
"410091","410091","77Lucas Lucas Fernandes RP410091",38
"706429","706429","33ALAN Alan Pereira Empereur TP706429",38
"137982","137982","13Marcos Rob ... Marcos Roberto da Si... RP137982",37
"169529","169529","2Ayrton Ayrton Luiz Ganino TP169529",37
"151708","151708","7Rafinha Rafael da Silva Fran ... TP151708",37
"177071","177071","27Kayke Kayke Moreno de Andr ... RP177071",37
"175878","175878","6Giovanni Giovanni Palmieri do ... TP175878",37
"185679","185679","2Cicinho Neuciano de Jesus Gusmao TP185679",37
"185301","185301","22Silvio Silvio Jose Cardoso ... TP185301",37
"191616","191616","31Ricardo Ricardo Goulart Pereira RP191616",37
"316223","316223","6Marlon Marlon Matheus Lopes ... TP316223",37
"318266","318266","27Thonny And ... Thonny Anderson da S... RP318266",37
"297441","297441","20Wescley Wescley Gomes dos Santos RP297441",37
"370756","370756","16Robinho Ba ... Marcos Vinicius de J ... RP370756",37
"348257","348257","14Emerson Emerson Raymundo Santos RP348257",37
"402095","402095","4Ramon Ramon Menezes Roma TP402095",37
"420409","420409","1Jean Jean Paulo Fernandes ... T(g)P420409",37
"541246","541246","12Calleri Jonathan Calleri TP541246",37
"540357","540357","35Danilo Santos Danilo Santos de Oliveira RP540357",37
"693055","693055","15Michel Ara ... Michel Daryl Araujo ... RP693055",37
"152825","152825","15Ramon Ramon Rodrigo de Freitas RP152825",36
"141341","141341","6Junior Cesar Junior Cesar Eduardo... TP141341",36
"140653","140653","8Cleber San ... Cleber Santana Loureiro TP140653",36
"159747","159747","9Humberlito Humberlito Borges Te ... TP159747",36
"169978","169978","25Julio Cesa ... Julio Cesar Jacobi RP169978",36
"168982","168982","30Leonardo Leonardo Gamalho de ... TP168982",36
"302436","302436","14Ezequiel Ezequiel Jacinto de  ... RP302436",36
"176375","176375","7Lins Lins Lima de Brito TP176375",36
"178723","178723","2Leandro Leandro da Silva TP178723",36
"322785","322785","2Arnaldo Arnaldo Manoel de Al... TP322785",36
"334457","334457","41Ze Roberto Jose Roberto Assunca ... RP334457",36
"334490","334490","18Jonas Jonas Gomes de Sousa TP334490",36
"406246","406246","97Nicolas Nicolas Vichiatto da ... RP406246",36
"421180","421180","21Willian Willian Marlon Ferre... TP421180",36
"308887","308887","40Marlon Marlon Santos da Sil ... RP308887",36
"364054","364054","6Marlon Marlon Rodrigues Xavier RP364054",36
"183189","183189","17Ananias Ananias Eloi Castro ... RP183189",36
"370997","370997","37Nathanael Nathanael Ananias da... RP370997",36
"319832","319832","39Bruno Guim ... Bruno Guimaraes Rodr ... RP319832",36
"318165","318165","23Romulo Romulo dos Santos de ... RP318165",36
"447783","447783","36Raniel San ... Raniel Santana de Va ... RP447783",36
"565578","565578","34Matheuzinho Matheus Franca Silva RP565578",36
"430638","430638","8Vargas Eduardo Jesus Vargas ... TP430638",36
"523883","523883","31Janderson Janderson Santos de Souza RP523883",36
"646848","646848","3Juan Quintero Juan Sebastian Quint... TP646848",36
"138908","138908","4Bolivar Fabian Guedes TP138908",35
"152954","152954","7Robinho Robson de Souza TP152954",35
"172038","172038","13Rodrigo Rodrigo Junior Paula... TP172038",35
"171745","171745","2Sueliton Sueliton Pereira de ... TP171745",35
"155605","155605","26Julio Cesar Julio Cesar Coelho d... TP155605",35
"354201","354201","21Douglas Douglas Moreira Fagundes RP354201",35
"320857","320857","30Vinicius Vinicius Vasconcelos... TP320857",35
"441844","441844","44Alerrandro Alerrandro Barra Man... RP441844",35
"383527","383527","20Neto Antonio Francisco Mo... RP383527",35
"523841","523841","34Luiz Henri ... Luiz Henrique Andre ... RP523841",35
"512119","512119","14Raniele Al ... Raniele Almeida Melo RP512119",35
"695696","695696","26Renzo Sara ... Renzo Saravia TP695696",35
"154989","154989","3Emerson Emerson dos Santos d... RP154989",34
"166258","166258","23Anderson Anderson Vieira Martins TP166258",34
"175720","175720","6Rafael Rafael Foster TP175720",34
"168766","168766","7Ze Eduardo Jose Eduardo Bischof... RP168766",34
"185339","185339","7Rene Rene dos Santos Junior TP185339",34
"169114","169114","8Ricardinho Ricardo Dias Acosta TP169114",34
"292526","292526","4Pablo Pablo Nascimento Castro TP292526",34
"178684","178684","7Renan Renan Henrique Olive... TP178684",34
"178096","178096","5Souza Josef de Souza Dias TP178096",34
"338237","338237","15Matheus Matheus de Vargas RP338237",34
"405061","405061","17Luis Luis Eduardo Marques ... RP405061",34
"350018","350018","28Joao Victor Joao Victor da Vitor ... RP350018",34
"337242","337242","36Lucas Lucas Kal Schenfeld ... RP337242",34
"413248","413248","9Lucas Lucas Ribamar Lopes  ... TP413248",34
"453232","453232","5Patrick de ... Patrick de Paula Carreiro RP453232",34
"328835","328835","41Sergio Sergio Antonio Soler... RP328835",34
"432218","432218","42Gabriel Gabriel Davi Gomes Sara RP432218",34
"303237","303237","6Joao Joao Lucas Cardoso TP303237",34
"421778","421778","6Igor Igor Aquino da Silva TP421778",34
"358318","358318","6Marcos Marcos Pedroso TP358318",34
"694075","694075","70Savarino Jefferson David Sava... TP694075",34
"593809","593809","33Jonatan Go ... Jonatan David Gomez TP593809",34
"646477","646477","11Yony Yony Alexander Gonza ... TP646477",34
"598963","598963","17Leo Valencia Leonardo Felipe Vale ... RP598963",34
"153229","153229","36Jailson Jailson Marcelino do ... RP153229",33
"294484","294484","28Marlon Marlon Adriano Prezotti RP294484",33
"158893","158893","10Renato Renato Adriano Jaco  ... TP158893",33
"162897","162897","5Helder Helder de Paula Santos TP162897",33
"164237","164237","9Dinei Telmario de Araujo S ... TP164237",33
"178222","178222","40Petros Petros Matheus dos S... TP178222",33
"336119","336119","37Caio Caio Alexandre Sousa ... RP336119",33
"322642","322642","29Guilherme Guilherme Bissoli Campos RP322642",33
"183381","183381","88Louza Luan Michel Louza RP183381",33
"338491","338491","21Ronaldo Ronaldo Henrique Fer... RP338491",33
"188990","188990","36Alan Alan Henrique Costa TP188990",33
"295957","295957","16Douglas Douglas Silva Bacelar RP295957",33
"341763","341763","16Auremir Auremir Evangelista ... RP341763",33
"398805","398805","21Matheus Matheus Leonardo Sal... RP398805",33
"530965","530965","32Joao Joao Lucas de Almeid ... RP530965",33
"305876","305876","6Dener Dener Assuncao Braz RP305876",33
"441979","441979","40Ederson Silva Ederson Jose dos San ... RP441979",33
"723593","723593","25Gabriel Me ... Gabriel Ivan Mercado TP723593",33
"459582","459582","1Martin And ... Martin Andres Silva  ... T(g)P459582",33
"691641","691641","24Cantillo Victor Danilo Cantil ... TP691641",33
"647148","647148","30Leandro Ba ... Leandro Barcia Montero TP647148",33
"117336","117336","1Dida Nelson de Jesus Silva T(g)P117336",32
"168441","168441","8Anderson Anderson Luis de Abr... TP168441",32
"167769","167769","6Marcio Aze ... Marcio Gonzaga de Azevedo RP167769",32
"179288","179288","29Michel Michel Macedo Rocha ... RP179288",32
"178095","178095","14Alan Kardec Alan Kardec de Souza... TP178095",32
"168939","168939","27Josimar Josimar Rosado da Si... RP168939",32
"300856","300856","8Luiz Luiz Gustavo Tavares... TP300856",32
"307616","307616","35Igor Igor de Carvalho Juliao RP307616",32
"302451","302451","17Cafu Jonathan Renato Barbosa RP302451",32
"175503","175503","11Chiquinho Francisco Sousa dos  ... TP175503",32
"538649","538649","31Natan Natan Bernardo de Souza TP538649",32
"566895","566895","9Borja Miguel Angel Borja H ... TP566895",32
"695297","695297","10Martin Ben ... Martin Nicolas Benitez TP695297",32
"158402","158402","9Bruno Bruno Rangel Domingues TP158402",31
"144059","144059","4Ebert Will ... Ebert Willian Amancio TP144059",31
"161269","161269","70Maicon Maicosuel Reginaldo ... TP161269",31
"314287","314287","25Bruno Bruno dos Santos Nazario RP314287",31
"168926","168926","1Matheus Matheus Fernando Cav ... T(g)P168926",31
"156325","156325","2Vitor Cicero Vitor dos San... TP156325",31
"170095","170095","8Pedro Ken Pedro Ken Marimoto M ... RP170095",31
"304239","304239","42Gustavo Gustavo Henrique Fer ... RP304239",31
"184845","184845","25Jucilei Jucilei da Silva TP184845",31
"186547","186547","27Bady Renato Escobar Baruffi RP186547",31
"186413","186413","22Abuda Jucimar Lima Pacheco RP186413",31
"374303","374303","29Lucas Lucas Fernandes da Silva TP374303",31
"337823","337823","7Caio Henrique Caio Henrique Olivei... TP337823",31
"411198","411198","77Guilherme Guilherme Parede Pin ... RP411198",31
"502001","502001","97Kevin Kevin Peterson dos S ... RP502001",31
"516781","516781","35Diego Diego Henrique Costa ... RP516781",31
"343235","343235","38Weverson Weverson Leandro Oli... RP343235",31
"435315","435315","5Gabriel  B ... Gabriel Baralhas dos ... TP435315",31
"407095","407095","25Jailson Jailson Marques Siqueira RP407095",31
"440499","440499","26Calebe Calebe Gonçalves Fer... RP440499",31
"526048","526048","19Marcos Paulo Marcos Paulo Costa d... RP526048",31
"553524","553524","13Cueva Christian Alberto Cu ... TP553524",31
"756284","756284","9Canobbio Agustin Canobbio Graviz RP756284",31
"459915","459915","6Frikson Frickson Rafael Eraz ... RP459915",31
"417861","417861","7Leandro Leandro Carvalho da Silva TP417861",31
"601171","601171","89Cleber Cleber Bomfim de Jesus TP601171",31
"166491","166491","86Derley Wanderley de Jesus Sousa RP166491",30
"150591","150591","11Dagoberto Dagoberto Pelentier TP150591",30
"167723","167723","36Tiago Tiago dos Santos Alves TP167723",30
"161940","161940","3Antonio Antonio Carlos dos S... TP161940",30
"187597","187597","16Alan Alan Luciano Ruschel RP187597",30
"300791","300791","29Kelvin Kelvin Mateus de Oli ... RP300791",30
"372403","372403","35Gabriel Jose Gabriel dos San ... RP372403",30
"443904","443904","34Chapecó Gabriel Hamester Grando T(g)P443904",30
"322380","322380","4Cleberson Cleberson Martins de... TP322380",30
"407776","407776","36Matheusinho Matheus Henrique de ... RP407776",30
"448892","448892","37Eduardo Sa ... Eduardo Santos Queiroz RP448892",30
"517179","517179","21Wesley Rib ... Wesley Ribeiro Silva RP517179",30
"513472","513472","28Adson Adson Ferreira Soares RP513472",30
"541294","541294","20Gabriel Gabriel Cordeiro Pirani RP541294",30
"612310","612310","27Ângelo Angelo Gabriel Borge ... RP612310",30
"143841","143841","19Edmilson d ... Edmilson dos Santos  ... RP143841",29
"172404","172404","13Frederico Frederico Burgel Xavier RP172404",29
"348537","348537","14David David de Duarte Macedo RP348537",29
"338849","338849","55Matheus Matheus de Sales Cabral RP338849",29
"316729","316729","22Mateus Mateus Goncalves Martins RP316729",29
"335599","335599","7Osman Osman de Menezes Ven ... TP335599",29
"303766","303766","18Nilson Francinilson Santos  ... RP303766",29
"440063","440063","21Lucas Halter Lucas Halter RP440063",29
"399284","399284","47Felipe Felipe dos Reis Pere ... RP399284",29
"395471","395471","94Douglas Douglas dos Santos J ... RP395471",29
"339275","339275","21Malcom Malcom Filipe Silva ... RP339275",29
"457323","457323","8Matheus So ... Matheus Sousa de Jesus TP457323",29
"631735","631735","39Vitor Roque Vitor Hugo Roque Ferreira RP631735",29
"580701","580701","23John Kennedy John Kennedy Batista ... RP580701",29
"552144","552144","29Pablo Pablo Gonçalves Maia ... RP552144",29
"122995","122995","10Alex Alexsandro de Souza TP122995",28
"172292","172292","12Denis Denis Cesar de Matos T(g)P172292",28
"153924","153924","31Vagner Love Vagner Silva de Souza TP153924",28
"178373","178373","18Jael Jael Ferreira Vieira RP178373",28
"173538","173538","19Aloisio Aloisio dos Santos G... RP173538",28
"186135","186135","27Fabio Sanches Fabio Pizarro Sanches RP186135",28
"180732","180732","44Renato Renato de Araujo Cha ... RP180732",28
"175323","175323","17Tiago Tiago Luis Martins RP175323",28
"298793","298793","44Andrigo Andrigo Oliveira de  ... RP298793",28
"437531","437531","35Sabino Jose Sabino Chagas M ... TP437531",28
"523349","523349","32Gabriel Fo ... Gabriel Fortes Chaves RP523349",28
"369136","369136","15Euller Elosman Euller Silva ... RP369136",28
"340115","340115","8Fran Dawhan Fran Urano da... TP340115",28
"517052","517052","27Matheus Matheus Alexandre An ... RP517052",28
"377355","377355","94Edinho Francisco Edson More... TP377355",28
"420688","420688","32Joao Joao Victor da Silva... RP420688",28
"443663","443663","18Alesson Alesson dos Santos B ... RP443663",28
"750897","750897","16BUSTOS Fabricio Tomas Busto ... TP750897",28
"541170","541170","2Henriquez Oswaldo Jose Henriqu... TP541170",28
"565315","565315","20Sornoza Junior Nazareno Sorn ... TP565315",28
"725766","725766","22Joaquin Pi ... Joaquin Piquerez Moreira RP725766",28
"154144","154144","8Cleiton Xa ... Cleiton Ribeiro Xavier RP154144",27
"164170","164170","25Leandro Leandro Castan da Silva TP164170",27
"165094","165094","25Diogo Silva Diogo Jose Goncalves ... RP165094",27
"293087","293087","22Santiago Santiago Trellez Vivero TP293087",27
"302136","302136","28Pedro Pedro Henrique Konze ... RP302136",27
"307277","307277","29Guilherme Guilherme Ferreira Pinto RP307277",27
"184174","184174","3Roger Roger de Carvalho RP184174",27
"306019","306019","16Renato Jose Renato da Silva ... RP306019",27
"360467","360467","27Paulo Paulo Roberto Moccelin RP360467",27
"371170","371170","19João Paulo Joao Paulo da Silva Alves TP371170",27
"337826","337826","15Flavio Med ... Flavio Medeiros da Silva RP337826",27
"567529","567529","35João Victor João Victor Gomes da ... RP567529",27
"509608","509608","29Bruno Bruno da Silva Costa RP509608",27
"646474","646474","28Orejuela Luis Manuel Orejuela... RP646474",27
"705188","705188","19Churin Diego Churin RP705188",27
"756803","756803","14Carlos de  ... Carlos Maria de Pena ... TP756803",27
"153189","153189","29Jorge Henr ... Jorge Henrique de Souza TP153189",26
"165524","165524","9Kempes Everton Kempes dos S... TP165524",26
"165775","165775","25Kanu Antonio Eduardo Pere... RP165775",26
"165831","165831","15Denilson Denilson Pereira Neves TP165831",26
"160379","160379","5Rafael Rafael Miranda da Co ... TP160379",26
"328949","328949","2Magno Jose Magno Jose da Silva RP328949",26
"170571","170571","14Ferron Luiz Antonio Linhare ... RP170571",26
"313001","313001","8RAFAEL GAVA Rafael Gustavo Meneg ... TP313001",26
"327667","327667","14Ricardo Ricardo Cesar Dantas... RP327667",26
"506499","506499","44Vitão Vitor Eduardo da Sil ... RP506499",26
"298485","298485","5Michel Michel Ferreira dos  ... TP298485",26
"510781","510781","22Joaquim He ... Joaquim Henrique Per ... RP510781",26
"384984","384984","22Carlos Carlos Eugenio Junio... RP384984",26
"464051","464051","31Heitor Rod ... Heitor Rodrigues da  ... TP464051",26
"431101","431101","79Matheus Bahia Matheus Bahia Santos RP431101",26
"307680","307680","38Wiliam Wiliam Silva Gomes B... RP307680",26
"542491","542491","29Pedrinho Pedro Gabriel Pereir ... RP542491",26
"756392","756392","14Rodrigo Rodrigo Fernandez Cedres TP756392",26
"753325","753325","11WANDERSON Wanderson Maciel Sou ... TP753325",26
"713866","713866","5Conti German Andres Conti TP713866",26
"291617","291617","1Richard Richard de Oliveira Costa T(g)P291617",25
"297781","297781","13Pedro Henr ... Pedro Henrique de Ca... RP297781",25
"178472","178472","26Ruy Ruy Franco de Almeid ... TP178472",25
"543163","543163","25Zanocelo Vinicius Nelson de S ... RP543163",25
"502361","502361","9Pedro Raul Pedro Raul Garay da Silva TP502361",25
"511021","511021","14Paulo Henr ... Paulo Henrique de Ol ... RP511021",25
"308149","308149","29Diego Diego Santos Gama Camilo RP308149",25
"712012","712012","26Nacho Fern ... Ignacio Martin Fernandez TP712012",25
"775569","775569","19Britez Emanuel Britez TP775569",25
"166274","166274","20Carlos Edu ... Carlos Eduardo Marques RP166274",24
"147224","147224","8Rodrigo Ol ... Rodrigo Oliveira de  ... TP147224",24
"334881","334881","43Willian Willian Osmar de Oli ... RP334881",24
"405543","405543","11Macae Matheus Barcelos da Silva RP405543",24
"387432","387432","29Roni Roni Medeiros de Moura TP387432",24
"347998","347998","38Brenner Brenner Marlos Varan... RP347998",24
"376217","376217","25Matheus Matheus Isaias dos S... RP376217",24
"524403","524403","35Welington Welington Damascena  ... RP524403",24
"460562","460562","32Mailson Mailson Tenorio dos ... RP460562",24
"387971","387971","11Camilo Camilo Reijers de Ol ... TP387971",24
"525042","525042","34Vitor Mendes Vitor Mendes Alves RP525042",24
"725558","725558","2Nicolas He ... Nicolas Hernandez Ro ... TP725558",24
"162905","162905","11Elton Elton Rodrigues Brandao TP162905",23
"311439","311439","37Mike Mike dos Santos Nena ... RP311439",23
"185680","185680","19Marquinhos Marcos Assis de Santana RP185680",23
"339209","339209","17Claudio Claudio Luiz Rodrigu ... RP339209",23
"409030","409030","15Gabriel La ... Gabriel Santos Corde ... TP409030",23
"354909","354909","2Gimenez Guilherme Gimenez de... TP354909",23
"405698","405698","33Ronaldo Ronaldo da Silva Souza RP405698",23
"527028","527028","43Bruno Bruno Roberto Pereir ... RP527028",23
"372370","372370","13Ricardo Ricardo Queiroz de A... RP372370",22
"333318","333318","3Hueglo Hueglo dos Santos Neris TP333318",22
"385658","385658","19Paulinho Paulo Henrique Sampa ... RP385658",22
"540268","540268","21Junior Jose Antonio dos San... TP540268",22
"750089","750089","80PITTA Isidro Miguel Pitta  ... RP750089",22
"153030","153030","7Leandro Leandro Fahel Matos TP153030",21
"328312","328312","26Richardson Richardson Fernandes ... TP328312",21
"297414","297414","3Cleber Cleber Janderson Per ... TP297414",21
"298911","298911","31Romario Romario Ricardo da Silva TP298911",21
"551311","551311","36Luis Henrique Luis Henrique Tomaz  ... RP551311",21
"441070","441070","11Erick Erick de Arruda Serafim TP441070",21
"452746","452746","33Marquinhos Marcos Vinicius Sous ... TP452746",21
"363480","363480","19Felipe Mar ... Felipe Marques da Silva RP363480",21
"322801","322801","29Joao Victor Joao Victor Santos Sa TP322801",20
"144094","144094","10Dani Alves Daniel Alves da Silva TP144094",19
"328812","328812","28Moises Moises Ribeiro Santos RP328812",18
"349619","349619","14Lucas Oliv ... Lucas da Cruz Oliveira RP349619",18
"772443","772443","30Pavon Cristian David Pavon RP772443",18
